<?xml version="1.0" encoding="UTF-8"?>
<project-private xmlns="http://www.netbeans.org/ns/project-private/1">
    <editor-bookmarks xmlns="http://www.netbeans.org/ns/editor-bookmarks/2" lastBookmarkId="0"/>
    <open-files xmlns="http://www.netbeans.org/ns/projectui-open-files/2">
        <group>
            <file>file:/Z:/Computing%20-%20Stage%202/Module%203%20SOFT251%20-%20Object-orientated%20Programming%20(Java)/soft251-cw/SOFT_CW/src/Class/Accounts.java</file>
            <file>file:/Z:/Computing%20-%20Stage%202/Module%203%20SOFT251%20-%20Object-orientated%20Programming%20(Java)/soft251-cw/SOFT_CW/src/Class/Secretary.java</file>
            <file>file:/Z:/Computing%20-%20Stage%202/Module%203%20SOFT251%20-%20Object-orientated%20Programming%20(Java)/soft251-cw/SOFT_CW/src/Class/Stock.java</file>
        </group>
    </open-files>
</project-private>
